# 2.x
/docs/2.x/* /docs 301!
/docs/2.x/get-started/installation /docs/get-started/installation 301!
/docs/2.x/get-started/routing /docs/get-started/routing 301!
/docs/2.x/get-started/directory-structure /docs/get-started/directory-structure 301!
/docs/2.x/get-started/commands /docs/get-started/commands 301!
/docs/2.x/get-started/conclusion /docs/get-started/conclusion 301!
/docs/2.x/get-started/upgrading /docs/get-started/upgrading 301!

/docs/2.x/concepts/views /docs/concepts/views 301!
/docs/2.x/concepts/context-helpers /docs/concepts/context-helpers 301!
/docs/2.x/concepts/server-side-rendering /docs/concepts/server-side-rendering 301!
/docs/2.x/concepts/static-site-generation /docs/concepts/static-site-generation 301!
/docs/2.x/concepts/nuxt-lifecycle /docs/concepts/nuxt-lifecycle 301!

/docs/2.x/features/rendering-modes /docs/features/rendering-modes 301!
/docs/2.x/features/deployment-targets /docs/features/deployment-targets 301!
/docs/2.x/features/file-system-routing /docs/features/file-system-routing 301!
/docs/2.x/features/data-fetching /docs/features/data-fetching 301!
/docs/2.x/features/meta-tags-seo /docs/features/meta-tags-seo 301!
/docs/2.x/features/configuration /docs/features/configuration 301!
/docs/2.x/features/loading /docs/features/loading 301!
/docs/2.x/features/nuxt-components /docs/features/nuxt-components 301!
/docs/2.x/features/component-discovery /docs/features/component-discovery 301!
/docs/2.x/features/transitions /docs/features/transitions 301!
/docs/2.x/features/live-preview /docs/features/live-preview 301!

/docs/2.x/directory-structure/nuxt /docs/directory-structure/nuxt 301!
/docs/2.x/directory-structure/assets /docs/directory-structure/assets 301!
/docs/2.x/directory-structure/components /docs/directory-structure/components 301!
/docs/2.x/directory-structure/content /docs/directory-structure/content 301!
/docs/2.x/directory-structure/dist /docs/directory-structure/dist 301!
/docs/2.x/directory-structure/layouts /docs/directory-structure/layouts 301!
/docs/2.x/directory-structure/middleware /docs/directory-structure/middleware 301!
/docs/2.x/directory-structure/modules /docs/directory-structure/modules 301!
/docs/2.x/directory-structure/pages /docs/directory-structure/pages 301!
/docs/2.x/directory-structure/plugins /docs/directory-structure/plugins 301!
/docs/2.x/directory-structure/static /docs/directory-structure/static 301!
/docs/2.x/directory-structure/store /docs/directory-structure/store 301!
/docs/2.x/directory-structure/nuxt-config /docs/directory-structure/nuxt-config 301!

/docs/2.x/configuration-glossary/configuration-alias /docs/configuration-glossary/configuration-alias 301!
/docs/2.x/configuration-glossary/configuration-build /docs/configuration-glossary/configuration-build 301!
/docs/2.x/configuration-glossary/configuration-builddir /docs/configuration-glossary/configuration-builddir 301!
/docs/2.x/configuration-glossary/configuration-cli /docs/configuration-glossary/configuration-cli 301!
/docs/2.x/configuration-glossary/configuration-css /docs/configuration-glossary/configuration-css 301!
/docs/2.x/configuration-glossary/configuration-components /docs/configuration-glossary/configuration-components 301!
/docs/2.x/configuration-glossary/configuration-dev /docs/configuration-glossary/configuration-dev 301!
/docs/2.x/configuration-glossary/configuration-dir /docs/configuration-glossary/configuration-dir 301!
/docs/2.x/configuration-glossary/configuration-env /docs/configuration-glossary/configuration-env 301!
/docs/2.x/configuration-glossary/configuration-extend-plugins /docs/configuration-glossary/configuration-extend-plugins 301!
/docs/2.x/configuration-glossary/configuration-generate /docs/configuration-glossary/configuration-generate 301!
/docs/2.x/configuration-glossary/configuration-global-name /docs/configuration-glossary/configuration-global-name 301!
/docs/2.x/configuration-glossary/configuration-head /docs/configuration-glossary/configuration-head 301!
/docs/2.x/configuration-glossary/configuration-hooks /docs/configuration-glossary/configuration-hooks 301!
/docs/2.x/configuration-glossary/configuration-ignore /docs/configuration-glossary/configuration-ignore 301!
/docs/2.x/configuration-glossary/configuration-loading /docs/configuration-glossary/configuration-loading 301!
/docs/2.x/configuration-glossary/configuration-loading-indicator /docs/configuration-glossary/configuration-loading-indicator 301!
/docs/2.x/configuration-glossary/configuration-mode /docs/configuration-glossary/configuration-mode 301!
/docs/2.x/configuration-glossary/configuration-modern /docs/configuration-glossary/configuration-modern 301!
/docs/2.x/configuration-glossary/configuration-modules /docs/configuration-glossary/configuration-modules 301!
/docs/2.x/configuration-glossary/configuration-modulesdir /docs/configuration-glossary/configuration-modulesdir 301!
/docs/2.x/configuration-glossary/configuration-plugins /docs/configuration-glossary/configuration-plugins 301!
/docs/2.x/configuration-glossary/configuration-render /docs/configuration-glossary/configuration-render 301!
/docs/2.x/configuration-glossary/configuration-rootdir /docs/configuration-glossary/configuration-rootdir 301!
/docs/2.x/configuration-glossary/configuration-router /docs/configuration-glossary/configuration-router 301!
/docs/2.x/configuration-glossary/configuration-runtime-config /docs/configuration-glossary/configuration-runtime-config 301!
/docs/2.x/configuration-glossary/configuration-server /docs/configuration-glossary/configuration-server 301!
/docs/2.x/configuration-glossary/configuration-servermiddleware /docs/configuration-glossary/configuration-servermiddleware 301!
/docs/2.x/configuration-glossary/configuration-srcdir /docs/configuration-glossary/configuration-srcdir 301!
/docs/2.x/configuration-glossary/configuration-ssr /docs/configuration-glossary/configuration-ssr 301!
/docs/2.x/configuration-glossary/configuration-target /docs/configuration-glossary/configuration-target 301!
/docs/2.x/configuration-glossary/configuration-telemetry /docs/configuration-glossary/configuration-telemetry 301!
/docs/2.x/configuration-glossary/configuration-transition /docs/configuration-glossary/configuration-transition 301!
/docs/2.x/configuration-glossary/configuration-vue-config /docs/configuration-glossary/configuration-vue-config 301!
/docs/2.x/configuration-glossary/configuration-watch /docs/configuration-glossary/configuration-watch 301!
/docs/2.x/configuration-glossary/configuration-watchers /docs/configuration-glossary/configuration-watchers 301!

/docs/2.x/internals-glossary/context /docs/configuration-glossary/context 301!
/docs/2.x/internals-glossary/$nuxt /docs/configuration-glossary/$nuxt 301!
/docs/2.x/internals-glossary/internals /docs/configuration-glossary/internals 301!
/docs/2.x/internals-glossary/internals-nuxt /docs/configuration-glossary/internals-nuxt 301!
/docs/2.x/internals-glossary/internals-renderer /docs/configuration-glossary/internals-renderer 301!
/docs/2.x/internals-glossary/internals-module-container /docs/configuration-glossary/internals-module-container 301!
/docs/2.x/internals-glossary/internals-builder /docs/configuration-glossary/internals-builder 301!
/docs/2.x/internals-glossary/internals-generator /docs/configuration-glossary/internals-generator 301!
/docs/2.x/internals-glossary/nuxt /docs/configuration-glossary/nuxt 301!
/docs/2.x/internals-glossary/nuxt-render /docs/configuration-glossary/nuxt-render 301!
/docs/2.x/internals-glossary/nuxt-render-route /docs/configuration-glossary/nuxt-render-route 301!
/docs/2.x/internals-glossary/nuxt-render-and-get-window /docs/configuration-glossary/nuxt-render-and-get-window 301!

# Components glossary
/docs/2.x/components-glossary/pages-fetch /docs/components-glossary/fetch 301!
/docs/2.x/components-glossary/pages-head /docs/components-glossary/head 301!
/docs/2.x/components-glossary/pages-key /docs/components-glossary/key 301!
/docs/2.x/components-glossary/pages-layout /docs/components-glossary/layout 301!
/docs/2.x/components-glossary/pages-loading /docs/components-glossary/loading 301!
/docs/2.x/components-glossary/pages-middleware /docs/components-glossary/middleware 301!
/docs/2.x/components-glossary/pages-transition /docs/components-glossary/transition 301!
/docs/2.x/components-glossary/pages-scrolltotop /docs/components-glossary/scrolltotop 301!
/docs/2.x/components-glossary/pages-validate /docs/components-glossary/validate 301!
/docs/2.x/components-glossary/pages-watchquery /docs/components-glossary/watchquery 301!

# Deployment
/docs/2.x/deployment/deploying-to-21yunbox /integrations/deployments/21yunbox 301!
/docs/2.x/deployment/deployment-amazon-web-services /integrations/deployments/amazon-web-services 301!
/docs/2.x/deployment/deployment-azure-portal /integrations/deployments/azure-portal 301!
/docs/2.x/deployment/deployment-azure-static-web-apps /integrations/deployments/azure-static-web-apps 301!
/docs/2.x/deployment/bip-deployment /integrations/deployments/bip 301!
/docs/2.x/deployment/cleavr-deployment /integrations/deployments/cleavr 301!
/docs/2.x/deployment/deploying-to-do-app-platform /integrations/deployments/digital-ocean 301!
/docs/2.x/deployment/dokku-deployment /integrations/deployments/dokku 301!
/docs/2.x/deployment/deployment-fume /integrations/deployments/fume 301!
/docs/2.x/deployment/appengine-deployment /integrations/deployments/google-appengine 301!
/docs/2.x/deployment/deployment-cloud-run /integrations/deployments/google-cloud-run 301!
/docs/2.x/deployment/heroku-deployment /integrations/deployments/heroku 301!
/docs/2.x/deployment/hostman-deployment /integrations/deployments/hostman 301!
/docs/2.x/deployment/deployment-koyeb /integrations/deployments/koyeb 301!
/docs/2.x/deployment/deploy-on-moovweb /integrations/deployments/layer0 301!
/docs/2.x/deployment/netlify-deployment /integrations/deployments/netlify 301!
/docs/2.x/deployment/nginx-proxy /integrations/deployments/nginx 301!
/docs/2.x/deployment/deployment-platformsh /integrations/deployments/platformsh 301!
/docs/2.x/deployment/deployment-pm2 /integrations/deployments/pm2 301!
/docs/2.x/deployment/deployment-qovery /integrations/deployments/qovery 301!
/docs/2.x/deployment/surge-deployment /integrations/deployments/surge 301!
/docs/2.x/deployment/vercel-deployment /integrations/deployments/vercel 301!
/docs/2.x/deployment/deployment-cloudflare /integrations/deployments/cloudflare 301!
/docs/2.x/deployment/deployment-stormkitio /integrations/deployments/stormkitio 301!

#Releases
/docs/release-notes /releases 301!

# Examples
/examples/hello-world /examples/routing/hello-world 301!
/examples/routing-active-links-classes /examples/routing/active-link-classes 301!
/examples/routing-dynamic-pages /examples/routing/dynamic-pages 301!
/examples/routing-nested-pages /examples/routing/nested-pages 301!
/examples/data-fetching-async-data /examples/data-fetching/async-data 301!
/examples/data-fetching-fetch-hook /examples/data-fetching/fetch-hook 301!
/examples/webpack-assets /examples/assets-management/webpack-assets 301!
/examples/pre-processors /examples/assets-management/pre-processors 301!
/examples/transitions /examples/transitions/transitions 301!
/examples/seo-html-head /examples/seo/html-head 301!
/examples/seo-twitter-og /examples/seo/twitter-og 301!
/examples/customize-nuxt-loading /examples/loading/customize-nuxt-loading 301!
/examples/customize-loading-indicator /examples/loading/customize-loading-indicator 301!
/examples/custom-loading-component /examples/loading/custom-loading-component 301!
/examples/layouts /examples/miscellaneous/layouts 301!
/examples/lazy-loading-components /examples/miscellaneous/lazy-loading-components 301!
/examples/vuex-store /examples/miscellaneous/vuex-store 301!
/examples/helpers /examples/miscellaneous/helpers 301!
/examples/middleware-router /examples/middlewares/router 301!
/examples/middleware-named /examples/middlewares/named 301!
/examples/middleware-anonymous /examples/middlewares/anonymous 301!
/examples/plugins-vue /examples/plugins/vue 301!
/examples/plugins-client-only /examples/plugins/client-only 301!
/examples/plugins-external-packages /examples/plugins/external-packages 301!
/examples/plugins-custom /examples/plugins/custom 301!
/examples/modules-internal /examples/modules/local 301!
/examples/modules-axios /examples/modules/axios 301!

# Blog
/blog /announcements 301!
/blog/case-study-livementor /case-studies/livementor 301!
/blog/nuxt-static-improvements /announcements/nuxt-static-improvements 301!
/blog/going-full-static /announcements/going-full-static 301!
/blog/nuxtjs-from-terminal-to-browser /announcements/nuxtjs-from-terminal-to-browser 301!
/blog/introducing-smart-prefetching /announcements/introducing-smart-prefetching 301!
/blog/understanding-how-fetch-works-in-nuxt-2-12 /announcements/understanding-how-fetch-works-in-nuxt-2-12 301!
/blog/creating-a-nuxt-module /tutorials/creating-a-nuxt-module 301!
/blog/creating-blog-with-nuxt-content /tutorials/creating-blog-with-nuxt-content 301!
/blog/improve-your-developer-experience-with-nuxt-components /tutorials/improve-your-developer-experience-with-nuxt-components 301!
/blog/moving-from-nuxtjs-dotenv-to-runtime-config /tutorials/moving-from-nuxtjs-dotenv-to-runtime-config 301!
/blog/going-dark-with-nuxtjs-color-mode /tutorials/going-dark-with-nuxtjs-color-mode 301!
/blog/build-dev-to-clone-with-nuxt-new-fetch /tutorials/build-dev-to-clone-with-nuxt-new-fetch 301!
/blog/seed-round https://www.nuxtlabs.com 301!

#Resources
/resources /modules 301!

#Shop
/shop /sponsors 301!

#Sponsors
/sponsor-nuxtjs /sponsors 301!

#Teams
/team /teams 301!

#Langs
/fr /fr/ 301!
/ja /ja/ 301!
